cod1,cod2,cod3,AA1,AA3
A,A,A,K,Lys
A,A,C,N,Asn
A,A,T,N,Asn
A,A,G,K,Lys
A,C,A,T,Thr
A,C,C,T,Thr
A,C,T,T,Thr
A,C,G,T,Thr
A,T,A,I,Ile
A,T,C,I,Ile
A,T,T,I,Ile
A,T,G,M,Met
A,G,A,R,Arg
A,G,C,S,Ser
A,G,T,S,Ser
A,G,G,R,Arg
C,A,A,Q,Gln
C,A,C,H,His
C,A,T,H,His
C,A,G,Q,Gln
C,C,A,P,Pro
C,C,C,P,Pro
C,C,T,P,Pro
C,C,G,P,Pro
C,T,A,L,Leu
C,T,C,L,Leu
C,T,T,L,Leu
C,T,G,L,Leu
C,G,A,R,Arg
C,G,C,R,Arg
C,G,T,R,Arg
C,G,G,R,Arg
G,A,A,E,Glu
G,A,C,D,Asp
G,A,T,D,Asp
G,A,G,E,Glu
G,C,A,A,Ala
G,C,C,A,Ala
G,C,T,A,Ala
G,C,G,A,Ala
G,T,A,V,Val
G,T,C,V,Val
G,T,T,V,Val
G,T,G,V,Val
G,G,A,G,Gly
G,G,C,G,Gly
G,G,T,G,Gly
G,G,G,G,Gly
T,A,A,*,Stop
T,A,C,Y,Tyr
T,A,T,Y,Tyr
T,A,G,*,Stop
T,C,A,S,Ser
T,C,C,S,Ser
T,C,T,S,Ser
T,C,G,S,Ser
T,T,A,L,Leu
T,T,C,F,Phe
T,T,T,F,Phe
T,T,G,L,Leu
T,G,A,*,Stop
T,G,C,C,Cys
T,G,T,C,Cys
T,G,G,W,Trp
