mutant,count,freq,init codon,mut codon,nuc sub,class,init 3nuc,pyr sub
M244V,17,0.069958848,atg,gtg,a>g,Ts,ATG,TC
L248V,4,0.016460905,ctg,gtg,c>g,Tv,GCT,CG
G250E,33,0.135802469,ggg,gag,g>a,Ts,CCC,CT
Q252H,4,0.016460905,cag,cac,g>c,Tv,ACT,CG
Q252H,1,0.004115226,cag,cat,g>t,Tv,ACT,CA
Q252H,5,0.020576132,cag,?,?,Tv,ACT,?
Y253H,18,0.074074074,tac,cac,t>c,Ts,GTA,TC
Y253F,6,0.024691358,tac,ttc,a>t,Tv,GTA,TA
E255K,22,0.090534979,gag,aag,g>a,Ts,TCC,CT
E255V,11,0.04526749,gag,gtg,a>t,Tv,CTC,TA
T315I,38,0.156378601,act,att,c>t,Ts,ACT,CT
F317L,0,0,ttc,ctc,t>c,Ts,GTT,TC
F317L,0,0,ttc,tta,c>a,Tv,TCA,CA
F317L,2,0.008230453,ttc,ttg,c>g,Tv,TCA,CG
F317L,10,0.041152263,ttc,?,?,?,?,?
M351T,23,0.094650206,atg,acg,t>c,Ts,ATG,TC
E355G,13,0.053497942,gag,ggg,a>g,Ts,CTC,TC
F359C,8,0.032921811,ttc,tgc,t>g,Tv,TTC,TG
F359I,5,0.020576132,ttc,atc,t>a,Tv,CTT,TA
F359V,11,0.04526749,ttc,gtc,t>g,Tv,CTT,TG
H396R,6,0.024691358,cat,cgt,a>g,Ts,ATG,TC
E459K,6,0.024691358,gag,aag,g>a,Ts,TCC,CT
